"排名","代號","名稱","成交","漲跌價","漲跌幅","更新日期","當日成交量週轉率(%)","2日累計成交量週轉率","3日累計成交量週轉率","5日累計成交量週轉率","10日累計成交量週轉率","1個月累計成交量週轉率","3個月累計成交量週轉率","半年累計成交量週轉率","今年累計成交量週轉率","1年累計成交量週轉率","2年累計成交量週轉率","3年累計成交量週轉率"
"1","00859B","群益0-1年美債","41.32","+0.02","+0.05","12/05","35.1","73.8","108","185","358","763","2033","2391","2588","2615","3104","3639"
"2",="5392","能率","51","+0.7","+1.39","12/05","32.2","44.8","45.6","48","54.5","79.3","523","760","1060","1190","1655","1737"
"3",="2365","昆盈","38.65","+1.65","+4.46","12/05","24.7","27.1","27.6","28.3","30.7","39.6","89.7","473","780","950","3395","3486"
"4",="3167","大量","221","+20","+9.95","12/05","24.5","36.2","38.8","51.5","95.4","340","555","2434","2747","2842","3949","3977"
"5",="8110","華東","39.6","+2","+5.32","12/05","17.8","26.9","44.3","106","132","296","546","570","607","611","873","995"
"6",="6215","和椿","113.5","+1","+0.89","12/05","16.7","19.7","20.2","21.4","27.4","48.8","182","955","2725","3220","5028","5187"
"7",="2359","所羅門","136.5","-2","-1.44","12/05","16.6","19.1","20.2","23.3","29.1","38.5","79.5","286","677","888","2682","3491"
"8",="3163","波若威","327","+9","+2.83","12/05","16.1","35.9","68.5","133","312","341","811","2080","4519","4589","7549","9994"
"9",="4903","聯光通","42.95","+3.9","+9.99","12/05","15.2","19.6","27.2","46.4","111","131","162","238","477","508","1532","1585"
"10",="8112","至上","75.1","+6.2","+9","12/05","14.8","16.3","18.9","22.2","40.6","193","365","404","438","448","880","1097"
"11",="8111","立碁","70.7","0","0","12/05","14.3","90.2","112","127","200","407","648","990","2151","2555","3598","3736"
"12",="2605","新興","28.4","-3.15","-9.98","12/05","14","19.9","24.9","34","44","51.1","86.3","116","206","215","714","1048"
"13",="8034","榮群","26.1","-2.9","-10","12/05","13.7","42.3","51.8","74.5","104","161","246","360","396","400","1484","2176"
"14",="3189","景碩","157","+9","+6.08","12/05","12.7","20.7","25.6","34","46.4","100","279","468","584","620","1041","1316"
"15",="2009","第一銅","45.85","-1.9","-3.98","12/05","12.5","21.9","23.7","33.8","36.4","45.5","143","178","310","313","738","900"
"16",="5284","jpp-KY","324","+16","+5.19","12/05","12.3","19.7","28.3","49.8","69.5","157","356","762","1036","1092","1654","2960"
"17",="2612","中航","69.5","-5.1","-6.84","12/05","12.3","13.7","17","25.4","34.2","42.8","85.6","128","179","181","304","485"
"18",="4939","亞電","36.95","-1.25","-3.27","12/05","11.6","29.3","147","228","395","473","575","601","612","614","870","929"
"19",="4979","華星光","239.5","+4","+1.7","12/05","10.9","23.5","55.8","88.1","218","296","689","1699","3403","3669","5644","8150"
"20",="0057","富邦摩台","184.3","+1.45","+0.79","12/05","10.9","11.7","12.9","14.8","19.3","46.4","140","408","561","583","935","1078"
"21",="6706","惠特","108.5","+1.5","+1.4","12/05","10.8","41.4","64.3","83.1","117","187","392","543","806","868","1951","2076"
"22",="8054","安國","147.5","-6.5","-4.22","12/05","10.6","31","41.6","55.7","102","189","457","978","1162","1350","3719","4443"
"23",="4510","高鋒","40.75","+0.75","+1.88","12/05","10.3","16.2","16.5","17","22.7","34","82.9","520","2002","2323","4067","4361"
"24",="8021","尖點","135","+2.5","+1.89","12/05","10.1","23.6","30.1","58.7","204","578","1683","2758","2792","2801","3133","3216"
"25",="3543","州巧","46.8","+2.8","+6.36","12/05","9.85","11","12.7","14.7","24.3","97.9","347","773","785","789","866","891"
"26",="3048","益登","40.3","-0.55","-1.35","12/05","9.52","17.3","19.4","21.3","30.8","61","169","217","238","243","682","725"
"27",="2369","菱生","22.35","+0.45","+2.05","12/05","9.33","12","12.6","13.6","17","51.2","135","177","198","202","589","891"
"28",="3535","晶彩科","89","-1.9","-2.09","12/05","9.01","18.7","43.3","89.6","112","144","563","1547","1749","1785","3873","4039"
"29",="8096","擎亞","51.2","+4.65","+9.99","12/05","8.89","10","12","14.5","24.5","174","516","670","1809","1852","5104","5193"
"30",="2399","映泰","25.05","+1","+4.16","12/05","8.86","18.2","20.8","22.1","32.4","67.6","217","258","389","478","2160","2877"
"31",="3530","晶相光","72.8","+0.1","+0.14","12/05","8.84","14.5","19.8","19.9","20.5","22.1","45.4","58.9","78.9","83.7","367","532"
"32",="8996","高力","529","-4","-0.75","12/05","8.36","15.5","23.3","34","54.4","87.2","303","638","820","862","2210","4025"
"33",="2406","國碩","23.35","0","0","12/05","8.17","16.6","18.9","20.5","29.6","40.4","105","227","268","274","651","757"
"34",="4533","協易機","23.65","+1.25","+5.58","12/05","8.12","10","10.2","10.8","15.5","19","33.3","80.3","191","223","1577","2410"
"35",="2481","強茂","89","+2.9","+3.37","12/05","8.02","10.3","14.9","31.4","63","149","499","631","679","684","847","1093"
"36",="2374","佳能","81.5","-1.9","-2.28","12/05","8","15.6","16.5","18.6","31.6","111","469","963","1344","1730","2545","2654"
"37","00668K","國泰美國道瓊+U","17.46","-0.02","-0.11","12/05","8","16","24","40","80","176","488","1008","1800","1944","3824","5752"
"38",="3551","世禾","176.5","+9","+5.37","12/05","8","11.9","13.3","14.1","16.6","28.7","120","460","694","747","1275","1332"
"39",="3450","聯鈞","260.5","+9","+3.58","12/05","7.97","22.5","35.9","46.3","97.7","177","740","1268","2667","2995","6153","6766"
"40",="6265","方土昶","19.7","+1.25","+6.78","12/05","7.97","14.3","28.9","44.8","54.3","120","217","236","260","262","578","630"
"41",="8431","匯鑽科","50.6","+2.3","+4.76","12/05","7.81","10.8","13.9","14.9","16.7","27.9","48.6","125","212","221","373","487"
"42",="2344","華邦電","61.8","+4","+6.92","12/05","7.64","13.1","16.2","21.4","43.4","78.8","360","454","625","636","801","964"
"43",="3354","律勝","20.8","-1.65","-7.35","12/05","7.5","10.3","11.1","12.2","13","15.2","18.1","34.8","73.7","80.4","575","619"
"44","00640L","富邦日本正2","75.4","-1.45","-1.89","12/05","7.5","12.1","13.3","22.6","34.3","113","429","779","1527","1581","4274","6126"
"45",="1815","富喬","83.4","+1","+1.21","12/05","7.17","12.6","25.2","57.3","116","402","966","2171","3144","3262","4531","4914"
"46","00657K","國泰日經225+U","18.94","-0.14","-0.73","12/05","6.9","13.8","20.7","34.5","69","152","421","879","1572","1697","3366","4979"
"47",="5608","四維航","18.85","-1.9","-9.16","12/05","6.75","10.6","11.8","16.3","22.7","29.3","59.9","93.7","213","217","478","844"
"48",="6291","沛亨","177","-1.5","-0.84","12/05","6.72","8.38","12.3","16.8","49.1","69.2","127","234","259","264","316","392"
"49",="8271","宇瞻","95.9","-3","-3.03","12/05","6.3","11.4","17.1","26.8","58","231","565","643","667","670","875","1070"
"50","00663L","國泰臺灣加權正2","44.45","+0.6","+1.37","12/05","6.1","9.84","15.5","28.5","64.6","178","452","902","908","909","932","952"
"51",="8234","新漢","78","+3.2","+4.28","12/05","6.06","10.4","10.6","11.1","14","22.6","72.2","495","981","1028","1366","1683"
"52","00981D","主動中信非投等債","10.58","-0.02","-0.19","12/05","5.95","18.9","27","42","52.4","77.5","","","202","","",""
"53","00684R","期元大美元指反1","15.59","+0.02","+0.13","12/05","5.9","10.6","13.7","17.2","25.1","32.8","51.6","152","353","358","426","453"
"54",="2606","裕民","63.2","-6.4","-9.2","12/05","5.87","7.61","9.01","13.4","21.9","28.6","53.3","101","269","290","532","770"
"55",="5328","華容","21.3","-1","-4.48","12/05","5.76","45.9","59.8","64","102","221","490","506","562","637","1044","1285"
"56",="6155","鈞寶","42.1","-0.95","-2.21","12/05","5.64","29.6","34.7","39.2","45.1","138","198","204","219","222","362","471"
"57","00847B","中信美國市政債","26.19","-0.03","-0.11","12/05","5.49","10.9","13","16.6","32.2","72.4","201","419","761","820","1630","2194"
"58",="5439","高技","338.5","+6","+1.8","12/05","5.46","12.1","26.4","62","112","218","482","1253","2478","2661","3384","4358"
"59",="4760","勤凱","189.5","-0.5","-0.26","12/05","5.43","25.6","36.7","44.4","62.9","131","246","475","518","523","989","1059"
"60",="3037","欣興","215","+16.5","+8.31","12/05","5.27","7.5","9.51","17.1","30.1","52","128","284","407","421","714","1099"
"61",="6739","竹陞科技","725","-28","-3.72","12/05","5.11","12.7","15.7","17.4","22.3","48.7","206","474","668","690","",""
"62",="3135","凌航","67.3","+4.2","+6.66","12/05","5.08","9.39","14.1","18.4","35.4","67.5","187","","228","","",""
"63",="3379","彬台","55.5","+0.1","+0.18","12/05","5.03","10.5","10.8","12.2","16","37.7","109","789","3956","4065","4755","4858"
"64",="6584","南俊國際","353.5","-5","-1.39","12/05","4.97","9.69","11.5","13.5","16.9","85.2","172","342","396","400","677",""
"65",="8039","台虹","77.8","-0.2","-0.26","12/05","4.81","20.2","41.1","90","139","187","379","501","601","609","940","964"
"66",="1560","中砂","342","+11","+3.32","12/05","4.67","9.01","12.8","15","20.6","33.9","130","318","460","476","1116","1748"
"67",="5340","建榮","65.9","+0.4","+0.61","12/05","4.62","10.5","37.2","55.9","59.2","128","179","361","404","407","543","773"
"68",="4967","十銓","132.5","+3.5","+2.71","12/05","4.58","7.79","14.4","30.7","63.2","369","987","1095","1325","1351","3517","5683"
"69",="4931","新盛力","167","-6","-3.47","12/05","4.58","52.9","87.8","195","238","357","803","3552","8493","9567","10404","11313"
"70",="6530","創威","65.6","+0.1","+0.15","12/05","4.57","13.2","40.9","49.8","95.6","107","208","670","982","1110","4930","6017"
"71",="2408","南亞科","153","+2","+1.32","12/05","4.55","8.94","15.4","22.5","47.9","139","343","512","760","770","892","975"
"72","00738U","期元大道瓊白銀","47.93","-0.35","-0.72","12/05","4.5","8.77","14.1","27.6","43.8","90.5","258","372","497","508","672","770"
"73",="8042","金山電","57.3","-0.6","-1.04","12/05","4.47","50.9","61.7","95.4","196","264","363","374","453","498","559","565"
"74",="6727","亞泰金屬","179","+16","+9.82","12/05","4.44","4.68","5.06","6.72","13.3","33.5","132","249","275","286","506","590"
"75",="6275","元山","51.2","+4.65","+9.99","12/05","4.36","4.97","5.43","5.83","6.34","9.26","24.8","42.3","85.8","88.6","812","1258"
"76",="3025","星通","54.1","+1.5","+2.85","12/05","4.35","5.77","9.92","26.4","31.2","36.7","64.2","123","348","434","2774","5946"
"77",="6805","富世達","1550","+15","+0.98","12/05","4.31","11.7","14.7","20.9","36.8","87.6","237","534","878","930","1578",""
"78",="6209","今國光","56.3","-0.7","-1.23","12/05","4.29","7.66","11.1","20.2","72.2","188","341","433","579","643","858","979"
"79",="2641","正德","21.55","-0.5","-2.27","12/05","4.22","16.2","18.2","24.8","35.9","53.4","123","190","423","429","841","1151"
"80",="6133","金橋","18.85","-0.2","-1.05","12/05","4.14","8.13","10.5","26.2","28.2","33.3","49.4","146","183","199","681","1076"
"81",="6217","中探針","51.1","+1.45","+2.92","12/05","4.05","5.36","6.61","10.5","28.6","94.6","574","867","921","925","1310","1639"
"82",="8038","長園科","44.9","-0.45","-0.99","12/05","4.04","9.83","10.8","14.1","18.8","49.4","111","340","379","386","483","890"
"83",="2337","旺宏","33.9","+1","+3.04","12/05","4","6.88","10.9","20.2","44.5","205","424","458","553","561","716","850"
"84",="3059","華晶科","42.8","-1","-2.28","12/05","3.98","5.41","5.9","6.76","10.4","21.7","169","447","823","910","1271","1482"
"85",="5351","鈺創","39.8","+1.45","+3.78","12/05","3.98","5.38","6.83","9.06","17.1","101","234","348","403","417","794","1266"
"86",="4989","榮科","40.75","+0.15","+0.37","12/05","3.98","11.5","18.1","35","104","370","718","858","866","868","920","990"
"87",="6274","台燿","420","+9","+2.19","12/05","3.76","6.31","8.71","19.1","50.4","123","347","820","1044","1093","1949","2913"
"88","00883B","中信ESG投資級債","31.37","+0.01","+0.03","12/05","3.75","8.44","10.3","13.4","27.3","63.4","179","372","698","757","1499","1984"
"89",="00964","中信亞太高股息","11.56","+0.05","+0.43","12/05","3.69","9.31","14.8","28.8","56","151","336","650","1242","1404","",""
"90",="8074","鉅橡","35.6","+0.6","+1.71","12/05","3.67","7.29","13.3","20.3","71.7","148","215","471","480","485","594","622"
"91",="5398","慕康生醫","30","+0.3","+1.01","12/05","3.65","6.88","8.89","10.8","17.5","29.4","40.5","58.3","102","120","437","459"
"92",="3236","千如","26.9","-0.65","-2.36","12/05","3.64","30.5","46","49.9","88.4","215","368","375","393","398","452","637"
"93",="5498","凱崴","25.7","-0.4","-1.53","12/05","3.63","7.79","11.9","22.5","115","272","492","1127","1144","1147","1553","1668"
"94",="5474","聰泰","169","+4","+2.42","12/05","3.61","4.88","5.41","6.12","9.85","20","72.3","195","487","603","1108","1483"
"95","00983B","大華優利美公債20","16.24","-0.02","-0.12","12/05","3.6","10.6","17.4","32.7","68.6","151","490","1134","1407","","",""
"96",="4722","國精化","155.5","-9.5","-5.76","12/05","3.6","5.44","7.76","16.8","37.4","81.9","369","625","845","847","894","916"
"97",="3211","順達","259","-2","-0.77","12/05","3.59","10.6","18","32.6","44.2","70.4","239","697","1308","1626","2188","2231"
"98",="8131","福懋科","45.25","+0.75","+1.69","12/05","3.57","10.1","19.8","23.1","30.5","74.7","98.6","105","113","115","134","153"
"99",="4977","眾達-KY","123.5","-0.5","-0.4","12/05","3.57","11.1","23.1","43.1","104","127","416","932","1688","2196","3415","4582"
"100","00665L","富邦恒生國企正2","11.32","+0.15","+1.34","12/05","3.53","9.45","15","24.1","45.9","113","371","766","1971","2141","5366","7052"
"101",="6831","邁科","241","-15","-5.86","12/05","3.53","8.57","13.2","18.9","","","","","37.5","","",""
"102",="4764","雙鍵","75.7","+4.4","+6.17","12/05","3.53","4.52","6.12","9.62","12.6","22.3","33.6","34.4","37","37.4","46.7","66.7"
"103",="2485","兆赫","22.8","-0.2","-0.87","12/05","3.48","9.54","18.7","71","126","160","184","201","231","235","347","729"
"104",="1802","台玻","36.45","+1.8","+5.19","12/05","3.46","6.7","13.9","30.4","51.8","123","229","395","441","448","521","616"
"105",="2233","宇隆","195","+3","+1.56","12/05","3.46","4.95","5.2","5.91","9.05","28.4","99.6","295","567","742","1057","1309"
"106",="00913","兆豐台灣晶圓製造","24","+0.28","+1.18","12/05","3.45","4.96","6.08","9.09","19.1","61.5","179","345","516","556","1616","2058"
"107",="3715","定穎投控","112","+0.5","+0.45","12/05","3.44","9.01","37.7","54.4","138","409","818","1625","1707","1732","2686","4702"
"108",="911868","同方友友-DR","1.35","+0.02","+1.5","12/05","3.35","4.45","4.85","6.03","7.68","11.5","21.4","47.9","72.8","76.5","229","291"
"109",="6163","華電網","43.45","-0.7","-1.59","12/05","3.29","17.3","54.6","71.8","108","223","292","318","385","397","936","1410"
"110",="3162","精確","58.5","+1.5","+2.63","12/05","3.28","4.23","5.6","6.89","13.9","123","218","346","803","823","1008","1579"
"111",="6624","萬年清","58.5","-6","-9.3","12/05","3.27","4.79","6.07","10.5","16.1","19.4","23.6","26.7","31.1","32","56.3","76.6"
"112",="8088","品安","40","+0.5","+1.27","12/05","3.26","5.65","9.61","15.1","39.3","457","1667","2114","3379","3385","4004","5267"
"113",="3105","穩懋","147.5","+3.5","+2.43","12/05","3.26","6.1","10.7","25.6","50","76.5","143","204","284","292","511","837"
"114",="8046","南電","270","+11.5","+4.45","12/05","3.22","4.98","6.76","10.1","18.5","53","225","412","465","472","590","845"
"115",="6290","良維","169.5","-1","-0.59","12/05","3.2","5.99","7.64","14.5","33.5","103","390","783","1044","1051","1893","2438"
"116",="5230","雷笛克光學","19.3","+1.05","+5.75","12/05","3.14","3.6","5.09","7.7","8.63","10.6","19.7","39.4","111","120","1351","1486"
"117","00981B","第一金優選非投債","9.34","+0.02","+0.21","12/05","3.12","4.84","8.31","11.7","20.7","40.5","110","184","212","","",""
"118",="2349","錸德","10.85","0","0","12/05","3.07","5.21","5.72","6.02","6.94","10.4","22.4","53","97.1","107","619","678"
"119",="4971","IET-KY","230","+20.5","+9.79","12/05","3.05","30","37.6","61.4","155","239","356","1309","1936","2030","2687","2802"
"120",="00643","群益深証中小","16.2","+0.05","+0.31","12/05","3.04","6.58","10.9","16.8","32.2","66.8","197","371","714","838","1557","1647"
"121",="8071","能率網通","18.25","-0.1","-0.54","12/05","3.03","5.94","6.38","6.69","8.2","15.8","201","335","616","807","1676","1806"
"122",="00728","第一金工業30","36.51","+0.41","+1.14","12/05","3.03","3.7","3.8","4.28","5.51","8.91","25.7","68.7","133","143","432","741"
"123",="6683","雍智科技","463.5","+2.5","+0.54","12/05","3.01","8.58","15","34.5","43.8","62","152","391","670","725","1240","1505"
"124",="5475","德宏","68.9","+0.1","+0.15","12/05","3.01","9.76","17.9","25.3","37.1","55.3","218","569","623","626","744","890"
"125",="5289","宜鼎","469","+17","+3.76","12/05","2.98","5.61","9.45","17.6","41.3","134","334","391","465","471","624","977"
"126",="3628","盈正","82","+2","+2.5","12/05","2.97","5.65","18.5","22.8","31.8","85","300","314","326","333","436","552"
"127",="00896","中信綠能及電動車","19.54","+0.01","+0.05","12/05","2.96","6.97","9.25","11.5","13.4","19.2","47.3","74","111","118","256","436"
"128",="3653","健策","3060","+275","+9.87","12/05","2.96","3.41","4.07","6.54","13","35.9","82.8","154","252","261","462","716"
"129",="8027","鈦昇","101.5","-3","-2.87","12/05","2.96","8.23","12.9","28","36.9","49.1","99.6","160","244","260","1092","1354"
"130",="00875","國泰網路資安","40.07","+0.4","+1.01","12/05","2.96","3.22","3.41","4.31","6.24","11.8","54","138","253","266","595","957"
"131",="1536","和大","58.5","+0.2","+0.34","12/05","2.93","4.2","4.39","4.85","6.7","13.3","45.5","158","674","734","1173","1250"
"132","00981A","主動統一台股增長","15.98","+0.26","+1.65","12/05","2.91","6.44","9.81","24.6","43.2","91.9","204","324","333","","",""
"133","00650L","復華香港正2","17.98","+0.19","+1.07","12/05","2.87","7.3","11.7","19.6","39.4","116","367","794","2184","2380","7177","8890"
"134",="6919","康霈*","167.5","-15.5","-8.47","12/05","2.86","4.56","5.09","6.03","11","19","66.4","128","138","139","",""
"135","00984B","大華優利美A債15","16.84","+0.02","+0.12","12/05","2.85","9.18","12.3","24.9","52.7","121","380","901","1189","","",""
"136",="4543","萬在","29.55","+1.15","+4.05","12/05","2.81","3.66","6.08","16","19.1","21.8","29.2","39.3","63.1","68.8","1038","1982"
"137",="3491","昇達科","529","+5","+0.95","12/05","2.81","5.34","6.91","12.1","31","69","191","406","913","971","1582","2319"
"138",="5309","系統電","61.8","+0.7","+1.15","12/05","2.8","6.29","11.3","34.6","57.3","86.7","630","1161","1421","1516","2187","2491"
"139",="3441","聯一光","38","-1","-2.56","12/05","2.8","7.45","9.72","17.5","34.2","37.3","44.1","71.6","125","161","370","965"
"140",="2493","揚博","105","+9.4","+9.83","12/05","2.76","3.09","3.41","4","5.45","13.7","54.6","136","158","166","308","378"
"141","00637L","元大滬深300正2","19.91","+0.14","+0.71","12/05","2.75","6.59","10.1","16.3","38.2","84.1","249","507","1129","1264","3010","4311"
"142",="6588","東典光電","37.85","-0.75","-1.94","12/05","2.75","5.84","21.1","28.9","31.6","32.3","37.1","48.5","86.2","114","187","207"
"143",="2486","一詮","96.9","+3","+3.19","12/05","2.73","4.88","7.82","23.2","61","161","241","341","622","727","3172","4005"
"144",="6425","易發","80.8","0","0","12/05","2.72","5.49","9.43","15.6","44.8","59","161","283","397","489","2052","2080"
"145",="3231","緯創","151","+5","+3.42","12/05","2.72","3.67","4.98","7.14","12.4","33","114","190","290","304","737","1377"
"146","00673R","期元大S&P原油反1","27.75","-0.09","-0.32","12/05","2.71","5.35","10.2","15.6","24","77","685","2756","5404","5717","11801","20875"
"147",="3260","威剛","177","+1","+0.57","12/05","2.7","5.85","9.69","13.9","30.2","109","379","513","676","687","1225","1793"
"148",="2637","慧洋-KY","68.1","-5.5","-7.47","12/05","2.68","8.15","9.36","13.8","19.9","27.5","54.9","93.4","262","283","488","704"
"149",="00657","國泰日經225","59.3","-0.4","-0.67","12/05","2.68","2.87","4","9.67","24.1","104","228","326","606","634","1803","3012"
"150",="2375","凱美","95.1","+1.1","+1.17","12/05","2.64","8.67","15.8","20.7","48.9","231","812","830","913","961","1161","1374"
"151",="2464","盟立","61.1","+0.3","+0.49","12/05","2.62","5.25","5.49","6.14","7.82","18","83.5","241","449","584","2165","2245"
"152",="1587","吉茂","43.8","-2.5","-5.4","12/05","2.62","9.11","11.3","12.8","25.7","38","121","139","176","194","1032","1098"
"153",="6770","力積電","32.9","+0.6","+1.86","12/05","2.61","5.04","7.98","17","40.1","147","367","400","456","464","579","660"
"154","00685L","群益臺灣加權正2","121.35","+1.6","+1.34","12/05","2.56","4.34","7.06","13.2","27.1","78.4","195","396","978","1023","1646","1781"
"155",="8299","群聯","1080","+50","+4.85","12/05","2.54","5.58","8.11","13.2","34.3","89.7","206","264","387","411","698","933"
"156",="6967","汎瑋材料","66.5","+6","+9.92","12/05","2.5","2.71","2.76","3.01","3.77","5.78","16.6","25.5","44.9","48.1","",""
"157",="3443","創意","2220","+95","+4.47","12/05","2.47","3.6","5.18","9.3","29.2","75.8","186","287","411","455","959","1902"
"158",="009809","富邦淨零ESG50","10.31","+0.09","+0.88","12/05","2.47","3.46","7.36","16.1","25.5","60.4","","","183","","",""
"159",="3581","博磊","67.7","+0.2","+0.3","12/05","2.47","9.75","12","19.9","88.3","181","303","401","449","466","1675","1872"
"160","00890B","凱基ESGBBB債15+","33.04","0","0","12/05","2.47","4.95","7.47","12.7","25.5","56.6","160","328","591","637","1242","1515"
"161",="6173","信昌電","65.5","-0.8","-1.21","12/05","2.46","9.44","16.6","22.8","74.1","309","660","673","692","698","852","987"
"162","00860B","群益1-5Y投資級債","38.07","+0.02","+0.05","12/05","2.45","5.5","8.18","13.5","27.8","61.6","206","378","679","729","1562","2297"
"163","00631L","元大台灣50正2","340.65","+4.75","+1.41","12/05","2.43","5.4","7.68","13.4","30.6","86.3","229","578","1303","1371","2394","3177"
"164","00865B","國泰US短期公債","46.87","0","0","12/05","2.42","3.58","5.67","8.72","15.9","31.2","101","165","186","188","222","250"
"165",="2228","劍麟","101","-2","-1.94","12/05","2.4","5.04","9.51","16","25.3","34","121","267","302","308","515","637"
"166",="4562","穎漢","42.7","+3.85","+9.91","12/05","2.39","2.85","3.09","3.54","4.72","8.74","24.5","223","535","650","2563","2585"
"167",="5536","聖暉*","728","+33","+4.75","12/05","2.38","4.51","5.81","7.07","11.2","33.6","98.7","187","249","275","412","510"
"168",="8374","羅昇","91.6","+8.3","+9.96","12/05","2.38","2.95","3.3","3.69","4.58","7.63","25.2","147","305","442","1399","1415"
"169","00763U","期街口道瓊銅","29.74","+0.01","+0.03","12/05","2.36","8.21","9.73","18.3","26.7","49.5","233","423","512","517","701","763"
"170",="6781","AES-KY","1395","-10","-0.71","12/05","2.35","5","8.14","17.4","28.5","69.9","149","303","553","588","699","879"
"171",="3709","鑫聯大投控","54.1","-2.9","-5.09","12/05","2.35","4.51","6.02","8","20.2","85.2","195","310","583","592","663","724"
"172",="3131","弘塑","1365","+5","+0.37","12/05","2.34","5.64","6.71","13.6","27.4","53","230","468","784","820","1641","2251"
"173",="3321","同泰","20.65","-2.35","-10.2","12/05","2.33","5.42","7.03","10","11","24.3","37","45","75","81.1","467","544"
"174",="7717","萊德光電-KY","216.5","+14.5","+7.18","12/05","2.32","3.7","5.35","10.2","22","","","","38.2","","",""
"175",="009803","保德信市值動能50","12.76","+0.07","+0.55","12/05","2.29","4.36","6.4","10.7","15.2","33.4","101","242","563","","",""
"176",="3324","雙鴻","900","+10","+1.12","12/05","2.29","4.85","8.09","16.1","33.5","81.4","380","620","957","1001","2729","4243"
"177",="5484","慧友","42.95","+3.9","+9.99","12/05","2.28","3.27","3.39","3.56","4.57","7.86","24","70.4","153","211","505","585"
"178","00687C","國泰20年美債+櫃U","9.49","-0.02","-0.21","12/05","2.27","4.58","6.84","12.3","34.9","55.6","147","381","611","","",""
"179",="6944","兆聯實業","601","+14","+2.39","12/05","2.26","4.31","6.2","6.96","11.3","27.6","64.4","147","163","","",""
"180",="009812","野村日本東證","10.58","-0.06","-0.56","12/05","2.25","4.51","6.12","10.6","17.1","40.5","","","228","","",""
"181","00793B","群益AAA-A醫療債","31.65","+0.01","+0.03","12/05","2.23","4.57","6.81","11.3","23.6","50.2","146","275","484","528","1139","1753"
"182",="6127","九豪","28.1","-0.75","-2.6","12/05","2.23","25.9","35.5","39.7","50.3","90.3","202","259","306","347","916","1165"
"183",="3661","世芯-KY","3155","-15","-0.47","12/05","2.23","4.22","9.72","14.6","30.2","68.1","170","361","704","786","1538","2662"
"184",="3498","陽程","51.8","+0.2","+0.39","12/05","2.22","4.96","5.78","7.11","13","27.8","97.7","250","363","432","1653","1800"
"185",="4583","台灣精銳","686","+46","+7.19","12/05","2.18","3.17","3.37","3.91","4.84","8.56","22.2","78.2","244","305","490","523"
"186",="00877","復華中國5G","23.72","+0.27","+1.15","12/05","2.17","5.13","7.89","15","37.8","78.6","302","526","650","671","1081","1279"
"187",="3017","奇鋐","1385","+60","+4.53","12/05","2.14","3.56","5.04","8.29","18.2","41.7","126","255","461","489","1276","2035"
"188","00983A","主動中信ARK創新","12.43","+0.24","+1.97","12/05","2.14","3.03","3.96","6.77","12.9","51","168","","322","","",""
"189","00632R","元大台灣50反1","17.01","-0.14","-0.82","12/05","2.14","3.04","5.16","8.94","25.2","61.6","169","333","573","586","2638","4197"
"190",="3013","晟銘電","133.5","0","0","12/05","2.13","4.6","6.24","9.66","18.5","103","186","649","1102","1191","3913","5524"
"191",="9949","琉園","26.15","+1.15","+4.6","12/05","2.12","3.03","3.13","3.38","8.96","9.52","12.5","14.3","26.8","28.1","81.7","124"
"192",="6179","亞通","31.85","-0.25","-0.78","12/05","2.11","3.18","5.03","13.3","37.9","55","135","229","275","284","837","1124"
"193","00708L","期元大S&P黃金正2","86.6","+1.05","+1.23","12/05","2.08","6.01","9.53","21.6","44.8","116","355","551","993","1011","1310","1575"
"194",="6510","精測","1900","+45","+2.43","12/05","2.07","5.04","7.06","13.5","33.2","61.7","194","339","493","542","775","1020"
"195","00641R","富邦日本反1","4.67","+0.04","+0.86","12/05","2.07","6","6.53","8.77","18.8","41.7","91.3","198","434","448","816","1076"
"196","00781B","國泰A級科技債","30.06","-0.02","-0.07","12/05","2.06","3.92","6.59","11.6","22.3","44","131","258","463","509","996","1493"
"197",="2368","金像電","596","+14","+2.41","12/05","2.04","3.59","5.87","13.2","37.6","73.3","144","298","477","539","901","1479"
"198","00985A","主動野村台灣50","12.7","+0.09","+0.71","12/05","2.01","4.19","5.13","8.26","16.5","42.7","141","","277","","",""
"199",="3323","加百裕","39.05","-0.45","-1.14","12/05","2","5.6","8.96","27.3","51.5","86","533","1164","2252","2646","3357","3423"
"200",="8150","南茂","43.55","-0.25","-0.57","12/05","2","4.3","9.58","14.8","28.9","128","168","187","220","225","343","433"
"201",="00909","國泰數位支付服務","42.78","+0.84","+2","12/05","2","3.31","5.13","10","19.8","66.2","175","284","520","581","820","868"
"202",="8114","振樺電","174","-10","-5.43","12/05","1.99","2.73","3.1","4.01","9.57","19.2","38.2","94.4","199","223","427","566"
"203",="00668","國泰美國道瓊","54.7","0","0","12/05","1.96","2.67","3.15","4.25","8.25","48.5","104","231","446","487","850","1178"
"204",="0052","富邦科技","36.12","+0.44","+1.23","12/05","1.96","4.03","6.12","16.3","48.4","50.9","56.7","59.9","65.9","66.6","82","87.7"
"205",="4927","泰鼎-KY","23.8","+1.05","+4.62","12/05","1.95","3.37","3.87","5.6","9.85","25.7","126","210","332","341","468","559"
"206",="3040","遠見","63.4","-1.3","-2.01","12/05","1.94","3.06","3.2","4.05","6.37","16","62.2","250","309","339","481","491"
"207",="3006","晶豪科","80","+1.1","+1.39","12/05","1.92","4.09","6.34","9.61","18.6","111","417","477","553","560","1103","1728"
"208",="1540","喬福","24.4","+2.2","+9.91","12/05","1.9","2.3","2.56","2.7","3.4","6.19","21.3","50","348","425","2659","2824"
"209",="3046","建碁","50.3","+1.85","+3.82","12/05","1.88","1.96","2.25","2.72","3.44","10.9","24.5","48.8","69.2","72.7","217","1641"
"210",="4526","東台","31.8","-0.45","-1.4","12/05","1.84","4.03","4.34","4.91","7.02","16.9","88.9","362","529","555","1331","1422"
"211","00734B","台新JPM新興債","16","-0.01","-0.06","12/05","1.82","3.64","5.49","9.13","18.4","46.7","120","238","408","431","920","1798"
"212",="3706","神達","93.7","+0.9","+0.97","12/05","1.81","3.55","5.16","8.05","14.4","45.2","257","662","894","998","1554","1849"
"213","00988A","主動統一全球創新","9.99","+0.17","+1.73","12/05","1.81","2.62","3.56","5.89","15.5","68.4","","","79.9","","",""
"214",="3030","德律","167.5","-4","-2.33","12/05","1.81","5.6","6.92","11.3","15","27.8","69.9","219","294","302","567","608"
"215","00980A","主動野村臺灣優選","14.62","+0.11","+0.76","12/05","1.8","3.83","5.1","9.35","21.2","75.4","143","229","285","","",""
"216",="3438","類比科","56.9","+1.9","+3.45","12/05","1.78","5.41","8.37","12.3","16.7","19.5","32.3","39.3","67.4","70.3","450","687"
"217",="5386","青雲","71.6","-0.5","-0.69","12/05","1.78","2.75","3.21","4.82","10.1","59.4","115","163","270","295","1686","2380"
"218",="5481","新華","22.4","-0.55","-2.4","12/05","1.77","4.63","6.72","12.5","21.7","44","57.4","57.4","173","245","522","547"
"219",="8047","星雲","54","-2.2","-3.91","12/05","1.77","3.54","5.52","10.3","22.8","39","79.6","93.2","182","344","630","641"
"220",="3002","歐格","26.4","-0.15","-0.56","12/05","1.76","4.11","9.87","54.3","65.1","147","235","250","257","258","360","420"
"221",="6418","詠昇","48.9","-1.1","-2.2","12/05","1.76","4.77","10.4","13.4","24.9","49.7","289","447","468","472","612","1168"
"222",="8048","德勝","60.5","+0.6","+1","12/05","1.75","5.59","12.5","20.5","85.6","130","141","157","178","182","437","1141"
"223",="6130","上亞科技","42.75","+0.95","+2.27","12/05","1.75","2.7","3.19","3.45","4.41","9.02","27.3","66.3","93.5","94","135","162"
"224",="3060","銘異","27.2","+0.35","+1.3","12/05","1.74","4.16","6.82","12.8","54.7","176","283","304","397","409","991","1109"
"225",="3234","光環","45.75","+0.5","+1.1","12/05","1.74","4.46","9.55","18.8","27.2","33.7","70.9","142","252","303","895","1161"
"226",="009807","台新標普科技精選","13.09","+0.09","+0.69","12/05","1.73","2.22","4.5","5.76","9.38","31.2","215","329","405","","",""
"227",="6120","達運","12.4","+1.1","+9.73","12/05","1.73","2.19","2.32","2.59","3.05","5.07","16.9","28.5","48.1","50.9","302","489"
"228",="6187","萬潤","341","-9","-2.57","12/05","1.71","2.36","2.83","3.93","8.72","28.3","149","400","720","785","1952","2731"
"229",="00736","國泰新興市場","27.59","+0.1","+0.36","12/05","1.69","3.42","5.19","8.36","16.8","38.1","129","249","436","463","923","1321"
"230",="2316","楠梓電","104","+1","+0.97","12/05","1.67","4.2","9.79","26.9","78.7","113","327","922","956","969","1557","1817"
"231","00758B","復華能源債","51.65","+0.05","+0.1","12/05","1.66","3.32","5.06","8.42","16.7","37.3","103","211","395","426","843","1290"
"232","00674R","期元大S&P黃金反1","6.05","-0.04","-0.66","12/05","1.65","3.59","5.21","12.7","19.6","41.7","162","291","692","703","945","1233"
"233","00671R","富邦NASDAQ反1","2.82","-0.01","-0.35","12/05","1.65","2.29","3.07","5.96","13.8","37.5","96.7","212","435","451","727","1163"
"234",="2451","創見","176.5","+6","+3.52","12/05","1.64","2.94","3.96","6.53","12.2","28.8","61.7","102","138","143","220","253"
"235",="00702","國泰標普低波高息","23.04","-0.02","-0.09","12/05","1.64","1.91","3.57","7.09","13.7","26.6","91.7","210","366","372","729","1187"
"236",="6462","神盾","133","+1","+0.76","12/05","1.64","7.11","9.33","13.4","21.8","57.3","220","591","750","822","2520","2686"
"237",="3376","新日興","202.5","-5.5","-2.64","12/05","1.63","4.39","8.24","10.3","21.9","43.7","137","502","927","970","1979","2138"
"238",="3494","誠研","9.07","+0.82","+9.94","12/05","1.63","2.53","3.34","4.03","5.75","7","12.8","19.3","35.4","37.3","80.9","231"
"239",="2328","廣宇","48.8","+0.35","+0.72","12/05","1.62","3.75","4.3","5.26","7.45","20.9","170","525","943","991","1198","1381"
"240",="6515","穎崴","2560","-10","-0.39","12/05","1.62","4.12","5.64","12.2","29.1","67.5","190","424","796","830","1337","2100"
"241",="4585","達明","366.5","+29.5","+8.75","12/05","1.61","2.01","2.19","2.66","4.08","10.1","","","37.3","","",""
"242",="00910","第一金太空衛星","39.92","+1.57","+4.09","12/05","1.6","2.9","3.52","6.03","11.6","47.5","168","273","415","437","516","589"
"243","00768B","復華20年美債","52","-0.05","-0.1","12/05","1.6","1.73","1.79","2.4","3.34","13.4","43.2","86.2","109","110","156","173"
"244",="00886","永豐美國科技","37.6","-0.06","-0.16","12/05","1.59","4.93","12.5","14.1","15.9","27.9","70.6","113","228","265","441","887"
"245",="4571","鈞興-KY","168.5","+1.5","+0.9","12/05","1.58","2.67","2.87","3.45","5.5","10.8","45.2","237","508","660","1007","1016"
"246",="1608","華榮","36.75","-0.45","-1.21","12/05","1.58","5.14","5.62","8.85","11.4","36.5","110","158","210","213","667","792"
"247",="3229","晟鈦","18.75","-1.2","-6.02","12/05","1.57","2.97","3.53","3.94","4.36","5.66","9.53","15.7","24.4","26.1","107","123"
"248",="5315","光聯","24.3","-0.85","-3.38","12/05","1.57","3.03","3.81","7.25","14.2","30.8","57.7","103","205","232","448","575"
"249",="00735","國泰臺韓科技","49.01","+0.35","+0.72","12/05","1.57","5.04","5.96","10.9","24.2","75","208","359","557","587","1441","1821"
"250","00982A","主動群益台灣強棒","13.62","+0.2","+1.49","12/05","1.57","3.13","4.28","8.88","18.6","70.7","169","329","355","","",""
"251","00675L","富邦臺灣加權正2","135.1","+1.85","+1.39","12/05","1.57","3","5.26","8.95","22","67.5","183","443","989","1039","1693","1927"
"252",="00911","兆豐洲際半導體","33.28","-0.01","-0.03","12/05","1.57","6.11","11.2","15.7","24.7","56.9","155","262","459","527","1330","1508"
"253",="00899","FT潔淨能源","20.4","+0.32","+1.59","12/05","1.56","1.87","2.47","3.47","6.43","28.4","90.1","132","191","201","480","636"
"254","00981T","平衡凱基雙核收息","10.45","+0.03","+0.29","12/05","1.55","3.27","4.19","7.55","17.9","45.9","","","234","","",""
"255",="2241","艾姆勒","39.1","-1.75","-4.28","12/05","1.55","5.42","6.03","7.18","8.71","19.3","60.6","79","125","133","865","950"
"256","00642U","期元大S&P石油","15.52","+0.05","+0.32","12/05","1.55","4.13","7.47","11.4","19.3","51.3","211","370","594","622","1168","2001"
"257",="4916","事欣科","47.75","+0.75","+1.6","12/05","1.54","3","4.53","7.52","38.4","62.1","355","1482","2797","2825","3092","3858"
"258",="3630","新鉅科","29.45","+1.75","+6.32","12/05","1.53","1.83","1.97","2.19","3.22","7.26","59.3","181","234","264","320","407"
"259",="8028","昇陽半導體","159","-1.5","-0.93","12/05","1.53","3.22","4.43","7.52","14.9","42.4","323","759","1507","1616","3320","3636"
"260",="5314","世紀*","104.5","-2.5","-2.34","12/05","1.51","3","4.91","8.25","34.6","79","367","725","864","870","906","912"
"261","00664R","國泰臺灣加權反1","2.75","-0.02","-0.72","12/05","1.51","2.45","4.18","6.94","20.8","51.4","139","264","534","562","926","1149"
"262",="00955","中信日本商社","12.63","-0.07","-0.55","12/05","1.48","3.13","4.01","5.95","11.8","37","119","229","415","424","",""
"263",="009805","新光美國電力基建","12.72","+0.17","+1.35","12/05","1.48","2.25","3.1","6.43","12","39.1","156","248","287","","",""
"264",="8499","鼎炫-KY","327.5","+29.5","+9.9","12/05","1.47","2.2","2.59","4.84","6.2","9.23","29.9","102","125","126","141","162"
"265",="2491","吉祥全","19.8","-1.05","-5.04","12/05","1.47","11.5","16.6","21.1","24.8","26.1","30.5","39.4","47.4","48.7","95.8","141"
"266",="00954","中信日本半導體","12.11","-0.01","-0.08","12/05","1.47","3.42","6.02","7.98","16.3","49.3","160","248","498","535","",""
"267","00799B","國泰A級醫療債","30.47","-0.01","-0.03","12/05","1.47","2.71","4.96","7.12","12.5","41.6","102","159","248","259","426","603"
"268",="6643","M31","426.5","-12","-2.74","12/05","1.43","2.47","4.15","6.69","14","38.7","93.1","208","394","449","1178","2427"
"269",="00894","中信小資高價30","26.27","+0.25","+0.96","12/05","1.43","2.27","3.44","7.5","14.1","36.4","93.1","175","332","342","607","814"
"270",="6994","富威電力","97.5","+1.8","+1.88","12/05","1.42","3.64","6.38","18.1","19.1","26.4","38.1","72.6","148","","",""
"271",="2498","宏達電","50.4","+1.2","+2.44","12/05","1.41","2.38","3.04","4.35","7.79","30.3","161","421","581","607","815","1172"
"272",="3019","亞光","137.5","-3","-2.14","12/05","1.41","5.17","5.56","6.35","10.2","22.7","123","488","1249","1468","2096","2191"
"273",="3563","牧德","472.5","-18","-3.67","12/05","1.4","2.04","3.38","6.03","14.3","33","94.7","264","524","549","922","1026"
"274",="2402","毅嘉","51.7","+0.5","+0.98","12/05","1.4","3.98","6.01","9.63","13.7","33.4","111","405","480","491","1142","2321"
"275",="4745","合富-KY","26.75","+0.8","+3.08","12/05","1.4","2.59","3.52","5.39","18","25.5","28.2","30.7","37.4","38.2","60.3","75.1"
"276",="4540","全球傳動","36.1","+0.15","+0.42","12/05","1.39","3.14","3.38","4.03","5.79","14.1","55","180","652","906","1313","1337"
"277",="6175","立敦","49.6","+0.6","+1.22","12/05","1.39","7.13","20.1","29.3","44.3","91.6","232","278","379","387","471","536"
"278",="1727","中華化","37.15","-0.3","-0.8","12/05","1.38","3.41","5.88","16.5","86.6","128","235","500","546","557","1072","1457"
"279",="2356","英業達","47.1","+1.05","+2.28","12/05","1.38","1.99","2.56","3.67","6.9","11.8","34","59.5","109","117","422","670"
"280","00676R","富邦臺灣加權反1","9.36","-0.06","-0.64","12/05","1.37","1.89","3","6.46","20.7","51.8","153","291","659","751","2365","3558"
"281",="3141","晶宏","51.6","-0.4","-0.77","12/05","1.37","4.54","14.4","28.2","29.3","33.5","57.9","83.6","120","130","437","1116"
"282","00741B","富邦全球非投等債","37.63","+0.06","+0.16","12/05","1.35","3.08","5.32","8.69","15.8","35.8","99.4","229","555","609","1248","1428"
"283",="3587","閎康","207","+2","+0.98","12/05","1.35","2.23","2.55","3.33","5.26","12","73.6","203","263","269","719","1249"
"284",="6125","廣運","65.1","+1","+1.56","12/05","1.34","2.23","2.56","2.99","4.44","9.13","40.4","134","264","290","1733","2600"
"285",="1616","億泰","28.35","-1.3","-4.38","12/05","1.34","1.81","2.15","2.81","4.39","15.5","75.9","503","623","628","1031","1179"
"286",="6188","廣明","103.5","-1","-0.96","12/05","1.34","3.92","5.17","6.34","11.5","24.1","109","226","341","408","1117","1790"
"287",="009808","華南永昌優選50","19.09","+0.11","+0.58","12/05","1.32","2.59","3.62","6.8","13.5","48.5","133","396","502","","",""
"288",="6432","今展科","34.75","-0.45","-1.28","12/05","1.3","10.2","17.8","19.6","29.7","133","235","246","268","271","373","530"
"289",="6603","富強鑫","22.55","+0.25","+1.12","12/05","1.29","2.45","5.06","13.3","24.3","36.7","75","98","129","137","425","549"
"290",="00678","群益那斯達克生技","35","+0.04","+0.11","12/05","1.28","5.03","9.61","23.3","44.3","98.9","268","539","1088","1197","2329","3277"
"291",="6191","精成科","121.5","+1","+0.83","12/05","1.28","3.55","5.53","15.2","54.7","114","270","716","1051","1070","1246","1476"
"292",="2413","環科","27.1","+0.05","+0.18","12/05","1.27","3.15","6.19","12.8","56.3","87.3","113","131","152","167","356","865"
"293",="7712","博盛半導體","87.8","-1.1","-1.24","12/05","1.26","4.24","7","11.8","27.3","34.9","41.9","52.3","86.3","","",""
"294",="00752","中信中國50","26.63","+0.17","+0.64","12/05","1.26","2.17","3.03","4.4","7.62","16.5","95.7","189","372","386","799","1027"
"295",="00901","永豐智能車供應鏈","24.32","+0.2","+0.83","12/05","1.26","1.99","3.71","6.27","23.3","63.6","80","99.6","131","142","441","679"
"296",="4956","光鋐","20.35","-0.5","-2.4","12/05","1.25","4.82","9.05","10.8","18","22.5","45.9","95.4","227","316","1998","2087"
"297",="3294","英濟","41.05","+0.6","+1.48","12/05","1.25","1.71","2.11","2.96","6.84","24.9","149","978","1547","1567","2094","2172"
"298",="00904","新光臺灣半導體30","21.81","+0.22","+1.02","12/05","1.25","1.96","3.5","5.67","16.9","44.1","177","225","284","297","745","916"
"299",="2449","京元電子","221.5","+1","+0.45","12/05","1.24","3.09","5.35","12","33.3","61.3","161","316","423","451","886","1158"
"300",="6139","亞翔","466","+8.5","+1.86","12/05","1.24","2.48","5.16","7.87","15.1","46.3","150","381","560","585","1295","1927"
